Store,TotalSales,AverageDailySales,PromoDays,HolidayDays
9,178411.63125,244.3994948630137,154,81
4,173718.19875,237.97013527397263,133,70
6,172541.9,236.35876712328766,159,72
7,169879.07375,232.71105993150687,146,82
1,169873.62625,232.70359760273973,153,62
8,163861.845,224.4682808219178,135,84
5,161442.28375,221.1538133561644,149,77
3,159524.4475,218.52664041095892,150,81
2,159293.35,218.2100684931507,152,65
10,158517.85,217.1477397260274,145,86
