Model,MAE,RMSE
Random Forest,5.107945062411105,6.413197980210381
Linear Regression,6.923426856184087,8.635230258234314
