task,vectorizer,model,accuracy,precision_macro,recall_macro,f1_macro
category,bag_of_words,random_forest,0.34162226169330967,0.27206586952169415,0.26407260476073885,0.2515934016387793
priority,bag_of_words,naive_bayes,0.36767317939609234,0.3379053950397994,0.3365637606045506,0.3358512450664681
