task,vectorizer,model,accuracy,precision_macro,recall_macro,f1_macro
category,bag_of_words,random_forest,0.34162226169330967,0.27206586952169415,0.26407260476073885,0.2515934016387793
category,tfidf,logistic_regression,0.25636471284783896,0.25631185397019474,0.25842668852342626,0.25022484236224685
category,tfidf,random_forest,0.35050325636471286,0.2719133375275244,0.2642420543314619,0.2459565779976811
category,bag_of_words,naive_bayes,0.2551805802249852,0.24179717316156105,0.2438082689575108,0.24137025051325622
category,bag_of_words,logistic_regression,0.25044404973357015,0.24184633514130457,0.24171432016010638,0.2385613158771743
category,tfidf,naive_bayes,0.39372409709887507,0.32519570202100995,0.2562108886024176,0.1767589067552064
